Name,Image File,Social Media File
Nikolaj Martyniuk,Nikolaj_Martyniuk_image.jpg,Nikolaj_Martyniuk_social_media.txt
Artūras Asakavičius,Artūras_Asakavičius_image.jpg,Artūras_Asakavičius_social_media.txt
Kaspar Kaarlep,Kaspar_Kaarlep_image.jpg,Kaspar_Kaarlep_social_media.txt
Jon Matonis,Jon_Matonis_image.jpg,Jon_Matonis_social_media.txt
Steven Meersman,Steven_Meersman_image.jpg,Steven_Meersman_social_media.txt
Heikki Kolk Energy,Heikki_Kolk_Energy_image.jpg,Heikki_Kolk_Energy_social_media.txt
Nimrod Lehavi,Nimrod_Lehavi_image.jpg,Nimrod_Lehavi_social_media.txt
Gytis Labašauskas,Gytis_Labašauskas_image.jpg,Gytis_Labašauskas_social_media.txt
Rene Fischer,Rene_Fischer_image.jpg,Rene_Fischer_social_media.txt
Dr. Tadas Jucikas,Dr._Tadas_Jucikas_image.jpg,Dr._Tadas_Jucikas_social_media.txt
Mantas Aleksiejevas,Mantas_Aleksiejevas_image.jpg,Mantas_Aleksiejevas_social_media.txt
Lukas Kairys,Lukas_Kairys_image.jpg,Lukas_Kairys_social_media.txt
Aukse Siaudzionyte,Aukse_Siaudzionyte_image.jpg,Aukse_Siaudzionyte_social_media.txt
Vytautas Alkimavičius,Vytautas_Alkimavičius_image.jpg,Vytautas_Alkimavičius_social_media.txt
Liraz Siri,Liraz_Siri_image.jpg,Liraz_Siri_social_media.txt
Eyal Hertzog,Eyal_Hertzog_image.jpg,Eyal_Hertzog_social_media.txt
Aaron Bichler,Aaron_Bichler_image.jpg,Aaron_Bichler_social_media.txt
Darius Rugevicius,Darius_Rugevicius_image.jpg,Darius_Rugevicius_social_media.txt
David Allen Cohen,David_Allen_Cohen_image.jpg,David_Allen_Cohen_social_media.txt
Trevor Townsend,Trevor_Townsend_image.jpg,Trevor_Townsend_social_media.txt
