Name,Image File,Social Media File
Dr. (Prof) Ilija Jorga,Dr._(Prof)_Ilija_Jorga_image.jpg,N/A
Dr. (Prof) Vladimir Jorga,Dr._(Prof)_Vladimir_Jorga_image.jpg,N/A
Sensei Rajeev Sinha,Sensei_Rajeev_Sinha_image.jpg,N/A
Sensei Rachmy Soebajo,Sensei_Rachmy_Soebajo_image.jpg,N/A
Dr. Karl-Hans Konig,Dr._Karl-Hans_Konig_image.jpg,N/A
Sensei Hakki Kosar,Sensei_Hakki_Kosar_image.jpg,N/A
Mr Mike Apan,Mr_Mike_Apan_image.jpg,Mr_Mike_Apan_social_media.txt
Mr Edgar Vargas Ojeda,Mr_Edgar_Vargas_Ojeda_image.jpg,Mr_Edgar_Vargas_Ojeda_social_media.txt
Mr Oleg Alexin,Mr_Oleg_Alexin_image.jpg,Mr_Oleg_Alexin_social_media.txt
Mr Petr Suja,Mr_Petr_Suja_image.jpg,Mr_Petr_Suja_social_media.txt
Mr Hojaev Hangeldi,Mr_Hojaev_Hangeldi_image.jpg,N/A
Mr Zarip Botayev,Mr_Zarip_Botayev_image.jpg,N/A
Mr Aleksandar Simic,Mr_Aleksandar_Simic_image.jpg,N/A
Mr Savvas Vasileiou,Mr_Savvas_Vasileiou_image.jpg,N/A
Mr Fiorentino Romano,Mr_Fiorentino_Romano_image.jpg,N/A
Anita Shaw,Anita_Shaw_image.jpg,N/A
Mr. Branko Pavlovic,Mr._Branko_Pavlovic_image.jpg,N/A
Mr Adam Soebajo,Mr_Adam_Soebajo_image.jpg,N/A
Mr Avetysian Karen,Mr_Avetysian_Karen_image.jpg,N/A
Mr Marcus Powill,Mr_Marcus_Powill_image.jpg,N/A
Mr Sergej Mirutenko,N\A,N/A
Mr Rytis Bublevicius,Mr_Rytis_Bublevicius_image.jpg,N/A
Vishal Shrivastav,Vishal_Shrivastav_image.jpg,N/A
Jigisha Parikh,Jigisha_Parikh_image.jpg,N/A
Bojana Momcilovic Simic,Bojana_Momcilovic_Simic_image.jpg,N/A
Dana Gerscher-Ahlers,Dana_Gerscher-Ahlers_image.jpg,N/A
Diana R,Diana_R_image.jpg,N/A
Hana Sobaejova,N\A,N/A
Chander Dixit,Chander_Dixit_image.jpg,N/A
Vijendra Singh,Vijendra_Singh_image.jpg,N/A
Mr Zurab Merabishvili,Mr_Zurab_Merabishvili_image.jpg,N/A
Jiri Purs,Jiri_Purs_image.jpg,N/A
