Name,Image File,Social Media File
Vidal Chriqui,Vidal_Chriqui_image.jpg,Vidal_Chriqui_social_media.txt
Hervé Hababou,Hervé_Hababou_image.jpg,Hervé_Hababou_social_media.txt
David Teruzzi,David_Teruzzi_image.jpg,David_Teruzzi_social_media.txt
Léonard Henriquez,Léonard_Henriquez_image.jpg,Léonard_Henriquez_social_media.txt
Victor Dumas,Victor_Dumas_image.jpg,Victor_Dumas_social_media.txt
Aurélien Castellarnau,Aurélien_Castellarnau_image.jpg,Aurélien_Castellarnau_social_media.txt
Julie Naudin,Julie_Naudin_image.jpg,Julie_Naudin_social_media.txt
Victoire Mathot,Victoire_Mathot_image.jpg,Victoire_Mathot_social_media.txt
Thibault Verbiest,Thibault_Verbiest_image.jpg,Thibault_Verbiest_social_media.txt
Kary Bheemaiah,Kary_Bheemaiah_image.jpg,Kary_Bheemaiah_social_media.txt
Jun Hao,Jun_Hao_image.jpg,Jun_Hao_social_media.txt
Franck Delorme,Franck_Delorme_image.jpg,Franck_Delorme_social_media.txt
Pascal Bordat,Pascal_Bordat_image.jpg,Pascal_Bordat_social_media.txt
Jean-David Benichou,Jean-David_Benichou_image.jpg,Jean-David_Benichou_social_media.txt
Simon Eischen,Simon_Eischen_image.jpg,Simon_Eischen_social_media.txt
Gatien Cantais,Gatien_Cantais_image.jpg,Gatien_Cantais_social_media.txt
Sébastien Bergès,Sébastien_Bergès_image.jpg,Sébastien_Bergès_social_media.txt
Dr Gary Mamou,Dr_Gary_Mamou_image.jpg,Dr_Gary_Mamou_social_media.txt
Sydney Ifergan,Sydney_Ifergan_image.jpg,Sydney_Ifergan_social_media.txt
