Name,Image File,Social Media File
Alexey Burdyko,Alexey_Burdyko_image.jpg,Alexey_Burdyko_social_media.txt
Dmitry Kochnev,Dmitry_Kochnev_image.jpg,Dmitry_Kochnev_social_media.txt
Inna Moroz,Inna_Moroz_image.jpg,Inna_Moroz_social_media.txt
Peidy Hung,Peidy_Hung_image.jpg,Peidy_Hung_social_media.txt
Orhan Zeynalli,Orhan_Zeynalli_image.jpg,Orhan_Zeynalli_social_media.txt
Alexey Kuznetsov,Alexey_Kuznetsov_image.jpg,Alexey_Kuznetsov_social_media.txt
Maria Mavrekh,Maria_Mavrekh_image.jpg,Maria_Mavrekh_social_media.txt
Shepetov Denis,Shepetov_Denis_image.jpg,Shepetov_Denis_social_media.txt
Vladislav Arbatov,Vladislav_Arbatov_image.jpg,Vladislav_Arbatov_social_media.txt
Alekhin Evgeny,Alekhin_Evgeny_image.jpg,Alekhin_Evgeny_social_media.txt
Alexey Galizdra,Alexey_Galizdra_image.jpg,Alexey_Galizdra_social_media.txt
Arseny Strizhenok,Arseny_Strizhenok_image.jpg,Arseny_Strizhenok_social_media.txt
Siarhei Medvedev,Siarhei_Medvedev_image.jpg,Siarhei_Medvedev_social_media.txt
Can Yang,Can_Yang_image.jpg,Can_Yang_social_media.txt
David Drake,David_Drake_image.jpg,N/A
Aladin Ben,Aladin_Ben_image.jpg,Aladin_Ben_social_media.txt
Anton Agranovskiy,Anton_Agranovskiy_image.jpg,Anton_Agranovskiy_social_media.txt
Richard Kastelein,Richard_Kastelein_image.jpg,Richard_Kastelein_social_media.txt
Victor Martyn,Victor_Martyn_image.jpg,Victor_Martyn_social_media.txt
Reuben Godfrey,Reuben_Godfrey_image.jpg,Reuben_Godfrey_social_media.txt
Pavel Pogodin,Pavel_Pogodin_image.jpg,Pavel_Pogodin_social_media.txt
Greg Limon,Greg_Limon_image.jpg,Greg_Limon_social_media.txt
Stan Milc,Stan_Milc_image.jpg,Stan_Milc_social_media.txt
