Name,Image File,Social Media File
Gilles Delfassy,Gilles_Delfassy_image.jpg,Gilles_Delfassy_social_media.txt
Seokwoo Gregory Lee,Seokwoo_Gregory_Lee_image.jpg,Seokwoo_Gregory_Lee_social_media.txt
Bonghan Brian Cho,Bonghan_Brian_Cho_image.jpg,Bonghan_Brian_Cho_social_media.txt
Teddy Hyunwoong Kim,Teddy_Hyunwoong_Kim_image.jpg,Teddy_Hyunwoong_Kim_social_media.txt
Gu-Min Jeong,Gu-Min_Jeong_image.jpg,Gu-Min_Jeong_social_media.txt
YoungHa Kim,YoungHa_Kim_image.jpg,YoungHa_Kim_social_media.txt
Kazunari Miyazaki,Kazunari_Miyazaki_image.jpg,Kazunari_Miyazaki_social_media.txt
Yiseul Cho,Yiseul_Cho_image.jpg,Yiseul_Cho_social_media.txt
Carol Streitberger Brighton,Carol_Streitberger_Brighton_image.jpg,Carol_Streitberger_Brighton_social_media.txt
KiHo Joo,KiHo_Joo_image.jpg,KiHo_Joo_social_media.txt
DongHun Ko,DongHun_Ko_image.jpg,DongHun_Ko_social_media.txt
JungWook Kim,JungWook_Kim_image.jpg,JungWook_Kim_social_media.txt
SangWon Seo,SangWon_Seo_image.jpg,SangWon_Seo_social_media.txt
John Park,John_Park_image.jpg,John_Park_social_media.txt
HyoSeob Kim,HyoSeob_Kim_image.jpg,HyoSeob_Kim_social_media.txt
SeungGyu Yu,SeungGyu_Yu_image.jpg,SeungGyu_Yu_social_media.txt
JeongEun Ki,JeongEun_Ki_image.jpg,JeongEun_Ki_social_media.txt
JungSik Hwang,JungSik_Hwang_image.jpg,JungSik_Hwang_social_media.txt
JoonHyuk Han,JoonHyuk_Han_image.jpg,JoonHyuk_Han_social_media.txt
JongGook Lee,JongGook_Lee_image.jpg,JongGook_Lee_social_media.txt
SungOk Choi,SungOk_Choi_image.jpg,SungOk_Choi_social_media.txt
YoungIn Park,YoungIn_Park_image.jpg,YoungIn_Park_social_media.txt
YeonHyeong Yang,YeonHyeong_Yang_image.jpg,YeonHyeong_Yang_social_media.txt
DeaKyu Seo,DeaKyu_Seo_image.jpg,DeaKyu_Seo_social_media.txt
Jeiff Kim,Jeiff_Kim_image.jpg,Jeiff_Kim_social_media.txt
Niyikiza Aimable,Niyikiza_Aimable_image.jpg,Niyikiza_Aimable_social_media.txt
TaeHyung Lee,TaeHyung_Lee_image.jpg,TaeHyung_Lee_social_media.txt
Francis Han,Francis_Han_image.jpg,Francis_Han_social_media.txt
SeungGoo Kim,SeungGoo_Kim_image.jpg,SeungGoo_Kim_social_media.txt
JaeYoung Hwang,JaeYoung_Hwang_image.jpg,JaeYoung_Hwang_social_media.txt
SungKyoon Chung,SungKyoon_Chung_image.jpg,SungKyoon_Chung_social_media.txt
SangGyoo Sim,SangGyoo_Sim_image.jpg,SangGyoo_Sim_social_media.txt
Eui Seok Kim,Eui_Seok_Kim_image.jpg,Eui_Seok_Kim_social_media.txt
DS Kim,DS_Kim_image.jpg,DS_Kim_social_media.txt
Erik Tan,Erik_Tan_image.jpg,Erik_Tan_social_media.txt
Jaeson Yoo,Jaeson_Yoo_image.jpg,Jaeson_Yoo_social_media.txt
KwonKoo Kwak,KwonKoo_Kwak_image.jpg,KwonKoo_Kwak_social_media.txt
HyeongMin Koo,HyeongMin_Koo_image.jpg,HyeongMin_Koo_social_media.txt
Moses Hong,Moses_Hong_image.jpg,Moses_Hong_social_media.txt
MyungJin Kim,MyungJin_Kim_image.jpg,MyungJin_Kim_social_media.txt
G-Hun Pak,G-Hun_Pak_image.jpg,G-Hun_Pak_social_media.txt
Esther Jeohn,Esther_Jeohn_image.jpg,Esther_Jeohn_social_media.txt
Anna Aminoff,Anna_Aminoff_image.jpg,Anna_Aminoff_social_media.txt
Kaiying Fu,Kaiying_Fu_image.jpg,Kaiying_Fu_social_media.txt
Elaina Yoon,Elaina_Yoon_image.jpg,Elaina_Yoon_social_media.txt
SeongWon Kim,SeongWon_Kim_image.jpg,SeongWon_Kim_social_media.txt
MyungJin Jeon,MyungJin_Jeon_image.jpg,MyungJin_Jeon_social_media.txt
HyeYoung Hwang,HyeYoung_Hwang_image.jpg,HyeYoung_Hwang_social_media.txt
MinWoo Nam,MinWoo_Nam_image.jpg,MinWoo_Nam_social_media.txt
KyungMoon Nam,KyungMoon_Nam_image.jpg,KyungMoon_Nam_social_media.txt
John Kim,John_Kim_image.jpg,John_Kim_social_media.txt
HanJun Lee,HanJun_Lee_image.jpg,HanJun_Lee_social_media.txt
YeSeul Cha,YeSeul_Cha_image.jpg,YeSeul_Cha_social_media.txt
YeonTae Kim,YeonTae_Kim_image.jpg,YeonTae_Kim_social_media.txt
DaeYoung Hyun,DaeYoung_Hyun_image.jpg,DaeYoung_Hyun_social_media.txt
DongHun An,DongHun_An_image.jpg,DongHun_An_social_media.txt
JiRok Song,JiRok_Song_image.jpg,JiRok_Song_social_media.txt
