Name,Image File,Social Media File
Anastasia O. Andrianova,Anastasia_O._Andrianova_image.jpg,Anastasia_O._Andrianova_social_media.txt
Kate Kurbanova,Kate_Kurbanova_image.jpg,Kate_Kurbanova_social_media.txt
Sandra Wu,Sandra_Wu_image.jpg,Sandra_Wu_social_media.txt
Peter Robertson,Peter_Robertson_image.jpg,Peter_Robertson_social_media.txt
Aylon Morley,Aylon_Morley_image.jpg,Aylon_Morley_social_media.txt
Abhimanyu Dayal,Abhimanyu_Dayal_image.jpg,Abhimanyu_Dayal_social_media.txt
Adrian Manning (PhD),Adrian_Manning_(PhD)_image.jpg,Adrian_Manning_(PhD)_social_media.txt
Paul Hauner,Paul_Hauner_image.jpg,Paul_Hauner_social_media.txt
Mehdi Zerouali,Mehdi_Zerouali_image.jpg,Mehdi_Zerouali_social_media.txt
Jay Mehta,Jay_Mehta_image.jpg,Jay_Mehta_social_media.txt
Victor Wiebe,Victor_Wiebe_image.jpg,Victor_Wiebe_social_media.txt
Ian Grigg,Ian_Grigg_image.jpg,Ian_Grigg_social_media.txt
Bokky Poobah,Bokky_Poobah_image.jpg,Bokky_Poobah_social_media.txt
Ros Altman CBE,Ros_Altman_CBE_image.jpg,Ros_Altman_CBE_social_media.txt
Marcus Killick OBE,Marcus_Killick_OBE_image.jpg,Marcus_Killick_OBE_social_media.txt
Saber Aria,Saber_Aria_image.jpg,Saber_Aria_social_media.txt
Roderik van der Graaf,Roderik_van_der_Graaf_image.jpg,Roderik_van_der_Graaf_social_media.txt
Prabhakar Reddy,Prabhakar_Reddy_image.jpg,Prabhakar_Reddy_social_media.txt
Steven C. Reynolds,Steven_C._Reynolds_image.jpg,Steven_C._Reynolds_social_media.txt
