Name,Image File,Social Media File
Niiyama Takeshi,Niiyama_Takeshi_image.jpg,Niiyama_Takeshi_social_media.txt
Otaka Jun,Otaka_Jun_image.jpg,Otaka_Jun_social_media.txt
Vincent Tai,Vincent_Tai_image.jpg,N/A
James Huang,James_Huang_image.jpg,James_Huang_social_media.txt
Atsushi Inoue,Atsushi_Inoue_image.jpg,Atsushi_Inoue_social_media.txt
Joshua C.S. Lo,Joshua_C.S._Lo_image.jpg,N/A
Ronald H. Chen,Ronald_H._Chen_image.jpg,N/A
Kim Jongbeom,Kim_Jongbeom_image.jpg,Kim_Jongbeom_social_media.txt
Adam Geri,Adam_Geri_image.jpg,N/A
Andrew Wasylewicz,Andrew_Wasylewicz_image.jpg,N/A
LeRoy Zen Lau,LeRoy_Zen_Lau_image.jpg,LeRoy_Zen_Lau_social_media.txt
Nicholas Ng S.L.,Nicholas_Ng_S.L._image.jpg,Nicholas_Ng_S.L._social_media.txt
Jin An,Jin_An_image.jpg,Jin_An_social_media.txt
Moon Inshic,Moon_Inshic_image.jpg,Moon_Inshic_social_media.txt
May Kim,May_Kim_image.jpg,N/A
Joseph Hung,Joseph_Hung_image.jpg,N/A
Takashi Kosuga,Takashi_Kosuga_image.jpg,Takashi_Kosuga_social_media.txt
Takafumi Osada,Takafumi_Osada_image.jpg,Takafumi_Osada_social_media.txt
Kang Jihoon,Kang_Jihoon_image.jpg,Kang_Jihoon_social_media.txt
Jang Misun,Jang_Misun_image.jpg,Jang_Misun_social_media.txt
Won Hayeon,Won_Hayeon_image.jpg,Won_Hayeon_social_media.txt
Dose Kevin,Dose_Kevin_image.jpg,Dose_Kevin_social_media.txt
Lee Woogi,Lee_Woogi_image.jpg,Lee_Woogi_social_media.txt
LEE Kang,LEE_Kang_image.jpg,LEE_Kang_social_media.txt
Yang Daeseung,Yang_Daeseung_image.jpg,Yang_Daeseung_social_media.txt
Yun Jaeun,Yun_Jaeun_image.jpg,Yun_Jaeun_social_media.txt
Masakazu Sato,Masakazu_Sato_image.jpg,N/A
Yasunori Matsuzaki,Yasunori_Matsuzaki_image.jpg,N/A
Masahide Saito,Masahide_Saito_image.jpg,N/A
Lee Sangbum,Lee_Sangbum_image.jpg,N/A
Chiang Yung Ho,Chiang_Yung_Ho_image.jpg,N/A
Kim Sungjun,Kim_Sungjun_image.jpg,Kim_Sungjun_social_media.txt
Yasuhiro Goto,Yasuhiro_Goto_image.jpg,N/A
Park Seongwoo,Park_Seongwoo_image.jpg,Park_Seongwoo_social_media.txt
Koji Ogata,Koji_Ogata_image.jpg,N/A
Kimiko ishii,Kimiko_ishii_image.jpg,N/A
Naoki Izaki,Naoki_Izaki_image.jpg,N/A
Shuhei Arakawa,Shuhei_Arakawa_image.jpg,N/A
Tsukasa Adachi,Tsukasa_Adachi_image.jpg,N/A
Hiroaki Kaneko,Hiroaki_Kaneko_image.jpg,N/A
Taisei Hosino,Taisei_Hosino_image.jpg,N/A
Ryota Dohi,Ryota_Dohi_image.jpg,N/A
Hsu Hsin Jui,Hsu_Hsin_Jui_image.jpg,N/A
Yang Gyeowool,Yang_Gyeowool_image.jpg,Yang_Gyeowool_social_media.txt
Chris G. KIM,Chris_G._KIM_image.jpg,N/A
Kumakiri Yasutomo,Kumakiri_Yasutomo_image.jpg,N/A
Harrison MOON,Harrison_MOON_image.jpg,N/A
Tetsuya Saito,Tetsuya_Saito_image.jpg,N/A
"Jhun, Hajin","Jhun,_Hajin_image.jpg",N/A
K.S. Lu,K.S._Lu_image.jpg,N/A
